symbol,description,chr,start,end
RERE,"Homo sapiens arginine-glutamic acid dipeptide (RE) repeats (RERE), transcript variant 2, mRNA.",chr1,8420171,8585844
2017/9/15,"Homo sapiens 15 kDa selenoprotein (SEP15), transcript variant 1, mRNA.",chr1,87328127,87380107
2017/9/15,"Homo sapiens 15 kDa selenoprotein (SEP15), transcript variant 2, mRNA.",chr1,87328127,87380107
AX747132,"Homo sapiens cDNA FLJ34374 fis, clone FEBRA2017502.",chr1,144832199,144833038
AX747132,"Homo sapiens cDNA FLJ34374 fis, clone FEBRA2017502.",chr1,144833046,144833912
AX747132,"Homo sapiens cDNA FLJ34374 fis, clone FEBRA2017502.",chr1,144833912,144834808
AX747132,"Homo sapiens cDNA FLJ34374 fis, clone FEBRA2017502.",chr1,145372087,145373798
AX747132,"Homo sapiens cDNA FLJ34374 fis, clone FEBRA2017502.",chr1,145373798,145374694
AK091688,"Homo sapiens cDNA FLJ34369 fis, clone FEBRA2017098.",chr1,147680370,147691166
PPIAL4D,"Homo sapiens peptidylprolyl isomerase A (cyclophilin A)-like 4D (PPIAL4D), mRNA.",chr1,148201751,148202536
NAV1,"Homo sapiens neuron navigator 1 (NAV1), transcript variant 2, mRNA.",chr1,201751303,201767736
NAV1,"Homo sapiens neuron navigator 1 (NAV1), transcript variant 2, mRNA.",chr1,201708653,201772842
NAV1,"Homo sapiens neuron navigator 1 (NAV1), transcript variant 2, mRNA.",chr1,201708962,201772842
MIR1231,"Homo sapiens microRNA 1231 (MIR1231), microRNA.",chr1,201777738,201777830
NAV1,"Homo sapiens neuron navigator 1 (NAV1), transcript variant 1, mRNA.",chr1,201617449,201796102
NAV1,"Homo sapiens neuron navigator 1 (NAV1), transcript variant 1, mRNA.",chr1,201617449,201796102
NAV1,"Homo sapiens neuron navigator 1 (NAV1), transcript variant 2, mRNA.",chr1,201708962,201796102
IPO9,"Homo sapiens importin 9 (IPO9), mRNA.",chr1,201798287,201853422
EPRS,"Homo sapiens glutamyl-prolyl-tRNA synthetase (EPRS), mRNA.",chr1,220174479,220220000
2017/3/2,"Homo sapiens mitochondrial amidoxime reducing component 2 (MARC2), nuclear gene encoding mitochondrial protein, mRNA.",chr1,220921675,220957596
2017/3/2,"Homo sapiens mitochondrial amidoxime reducing component 2 (MARC2), nuclear gene encoding mitochondrial protein, mRNA.",chr1,220921675,220957596
2017/3/2,"Homo sapiens mitochondrial amidoxime reducing component 2 (MARC2), nuclear gene encoding mitochondrial protein, mRNA.",chr1,220921675,220957596
2017/3/1,"Homo sapiens mitochondrial amidoxime reducing component 1 (MARC1), nuclear gene encoding mitochondrial protein, mRNA.",chr1,220960038,220987741
2017/3/1,"Homo sapiens mitochondrial amidoxime reducing component 1 (MARC1), nuclear gene encoding mitochondrial protein, mRNA.",chr1,220960038,220987741
WDR35,"Homo sapiens WD repeat domain 35 (WDR35), transcript variant 2, mRNA.",chr2,20110028,20175424
AX747197,"Homo sapiens cDNA FLJ34490 fis, clone HLUNG2004707.",chr2,53990097,53992017
GKN1,"Homo sapiens gastrokine 1 (GKN1), mRNA.",chr2,69201704,69208112
AX747836,"Homo sapiens cDNA FLJ35661 fis, clone SPLEN2017592.",chr2,96080755,96082345
2017/9/10,"Homo sapiens septin 10 (SEPT10), transcript variant 3, non-coding RNA.",chr2,110321791,110325553
2017/9/10,"Homo sapiens septin 10 (SEPT10), transcript variant 3, non-coding RNA.",chr2,110300373,110332344
2017/9/10,"Homo sapiens septin 10 (SEPT10), transcript variant 3, non-coding RNA.",chr2,110300373,110332344
2017/9/10,"Homo sapiens septin 10 (SEPT10), transcript variant 1, mRNA.",chr2,110300373,110371783
2017/9/10,"Homo sapiens septin 10 (SEPT10), transcript variant 2, mRNA.",chr2,110300373,110371783
2017/9/10,"Homo sapiens septin 10 (SEPT10), transcript variant 3, non-coding RNA.",chr2,110300373,110371783
2017/9/10,"Homo sapiens septin 10 (SEPT10), transcript variant 1, mRNA.",chr2,110300373,110371783
2017/9/10,"Homo sapiens septin 10 (SEPT10), transcript variant 3, non-coding RNA.",chr2,110300373,110371783
Mir_562,Rfam model RF00998 hit found at contig region AC068491.4/175557-175659,chr2,112017214,112017317
2017/3/7,"Homo sapiens membrane-associated ring finger (C3HC4) 7, E3 ubiquitin protein ligase (MARCH7), mRNA.",chr2,160569009,160625084
2017/3/7,"Homo sapiens membrane-associated ring finger (C3HC4) 7, E3 ubiquitin protein ligase (MARCH7), mRNA.",chr2,160569009,160625084
2017/3/7,"Homo sapiens membrane-associated ring finger (C3HC4) 7, E3 ubiquitin protein ligase (MARCH7), mRNA.",chr2,160569009,160625084
2017/3/7,"Homo sapiens membrane-associated ring finger (C3HC4) 7, E3 ubiquitin protein ligase (MARCH7), mRNA.",chr2,160590444,160625084
2017/3/7,"Homo sapiens membrane-associated ring finger (C3HC4) 7, E3 ubiquitin protein ligase (MARCH7), mRNA.",chr2,160604315,160625084
TLK1,"Homo sapiens tousled-like kinase 1 (TLK1), transcript variant 1, mRNA.",chr2,171847332,172017410
TLK1,"Homo sapiens tousled-like kinase 1 (TLK1), transcript variant 1, mRNA.",chr2,171847332,172017410
TLK1,"Homo sapiens tousled-like kinase 1 (TLK1), transcript variant 1, mRNA.",chr2,171853162,172017410
AX746670,"Homo sapiens cDNA FLJ33584 fis, clone BRAMY2012017.",chr2,179443516,179445633
CLK1,"Homo sapiens CDC-like kinase 1 (CLK1), transcript variant 2, mRNA.",chr2,201717731,201729284
CLK1,"Homo sapiens CDC-like kinase 1 (CLK1), transcript variant 1, mRNA.",chr2,201717731,201729467
CLK1,"Homo sapiens CDC-like kinase 1 (CLK1), transcript variant 3, non-coding RNA.",chr2,201717731,201729467
CLK1,"Homo sapiens CDC-like kinase 1 (CLK1), transcript variant 4, non-coding RNA.",chr2,201717731,201729467
PPIL3,"Homo sapiens peptidylprolyl isomerase (cyclophilin)-like 3 (PPIL3), transcript variant PPIL3b, mRNA.",chr2,201735678,201752548
PPIL3,"Homo sapiens peptidylprolyl isomerase (cyclophilin)-like 3 (PPIL3), transcript variant PPIL3a, mRNA.",chr2,201735678,201753849
PPIL3,"Homo sapiens peptidylprolyl isomerase (cyclophilin)-like 3 (PPIL3), transcript variant PPIL3b, mRNA.",chr2,201735678,201753849
PPIL3,"Homo sapiens peptidylprolyl isomerase (cyclophilin)-like 3 (PPIL3), transcript variant PPIL3b, mRNA.",chr2,201735678,201753849
U6,Rfam model RF00026 hit found at contig region AC005037.2/115466-115365,chr2,201763742,201763844
NIF3L1,"Homo sapiens NIF3 NGG1 interacting factor 3-like 1 (S. cerevisiae) (NIF3L1), transcript variant 1, mRNA.",chr2,201754049,201768655
NIF3L1,"Homo sapiens NIF3 NGG1 interacting factor 3-like 1 (S. cerevisiae) (NIF3L1), transcript variant 3, mRNA.",chr2,201754049,201768655
NIF3L1,"Homo sapiens NIF3 NGG1 interacting factor 3-like 1 (S. cerevisiae) (NIF3L1), transcript variant 2, mRNA.",chr2,201754107,201768655
NIF3L1,"Homo sapiens NIF3 NGG1 interacting factor 3-like 1 (S. cerevisiae) (NIF3L1), transcript variant 1, mRNA.",chr2,201755928,201768655
NIF3L1,"Homo sapiens NIF3 NGG1 interacting factor 3-like 1 (S. cerevisiae) (NIF3L1), transcript variant 4, mRNA.",chr2,201756640,201768655
ORC2,"Homo sapiens origin recognition complex, subunit 2 (ORC2), transcript variant 1, mRNA.",chr2,201774893,201828424
2017/3/4,"Homo sapiens membrane-associated ring finger (C3HC4) 4, E3 ubiquitin protein ligase (MARCH4), mRNA.",chr2,217122584,217236750
PTPRN,"Homo sapiens protein tyrosine phosphatase, receptor type, N (PTPRN), transcript variant 3, mRNA.",chr2,220154344,220173729
PTPRN,"Homo sapiens protein tyrosine phosphatase, receptor type, N (PTPRN), transcript variant 1, mRNA.",chr2,220154344,220174295
PTPRN,"Homo sapiens protein tyrosine phosphatase, receptor type, N (PTPRN), transcript variant 2, mRNA.",chr2,220154344,220174295
2017/9/2,"Homo sapiens septin 2 (SEPT2), transcript variant 4, mRNA.",chr2,242255280,242264659
2017/9/2,"Homo sapiens septin 2 (SEPT2), transcript variant 1, mRNA.",chr2,242254722,242293441
2017/9/2,"Homo sapiens septin 2 (SEPT2), transcript variant 2, mRNA.",chr2,242254722,242293441
2017/9/2,"Homo sapiens septin 2 (SEPT2), transcript variant 3, mRNA.",chr2,242255280,242293441
2017/9/2,"Homo sapiens septin 2 (SEPT2), transcript variant 4, mRNA.",chr2,242255280,242293441
2017/9/2,"Homo sapiens septin 2 (SEPT2), transcript variant 4, mRNA.",chr2,242255280,242293441
2017/9/2,"Homo sapiens septin 2 (SEPT2), transcript variant 4, mRNA.",chr2,242255280,242293441
XPC,"Homo sapiens xeroderma pigmentosum, complementation group C (XPC), transcript variant 1, mRNA.",chr3,14186647,14220172
XPC,"Homo sapiens xeroderma pigmentosum, complementation group C (XPC), transcript variant 3, non-coding RNA.",chr3,14186647,14220172
XPC,"Homo sapiens xeroderma pigmentosum, complementation group C (XPC), transcript variant 2, mRNA.",chr3,14186647,14220172
NGLY1,"Homo sapiens N-glycanase 1 (NGLY1), transcript variant 3, mRNA.",chr3,25760434,25820179
ABHD14B,"Homo sapiens abhydrolase domain containing 14B (ABHD14B), transcript variant 2, mRNA.",chr3,52002525,52017425
ACY1,"Homo sapiens aminoacylase 1 (ACY1), transcript variant 1, mRNA.",chr3,52017299,52022246
ACY1,"Homo sapiens aminoacylase 1 (ACY1), transcript variant 1, mRNA.",chr3,52017299,52023218
ACY1,"Homo sapiens aminoacylase 1 (ACY1), transcript variant 2, mRNA.",chr3,52017299,52023218
ACY1,"Homo sapiens aminoacylase 1 (ACY1), transcript variant 5, mRNA.",chr3,52017299,52023218
ACY1,"Homo sapiens aminoacylase 1 (ACY1), transcript variant 3, mRNA.",chr3,52017299,52023218
ACY1,"Homo sapiens aminoacylase 1 (ACY1), transcript variant 4, mRNA.",chr3,52017299,52023218
UNQ2790,"Homo sapiens cDNA FLJ36477 fis, clone THYMU2017158.",chr3,126167059,126169613
AX746877,"Homo sapiens cDNA FLJ33936 fis, clone CTONG2017939.",chr3,136730687,136732150
AX746877,"Homo sapiens cDNA FLJ33936 fis, clone CTONG2017939.",chr3,136734712,136735851
MBNL1,"Homo sapiens muscleblind-like splicing regulator 1 (MBNL1), transcript variant 3, mRNA.",chr3,152017193,152183569
MBNL1,"Homo sapiens muscleblind-like splicing regulator 1 (MBNL1), transcript variant 7, mRNA.",chr3,152017193,152183569
MBNL1,"Homo sapiens muscleblind-like splicing regulator 1 (MBNL1), transcript variant 6, mRNA.",chr3,152017193,152183569
MBNL1,"Homo sapiens muscleblind-like splicing regulator 1 (MBNL1), transcript variant 5, mRNA.",chr3,152017193,152183569
MBNL1,"Homo sapiens muscleblind-like splicing regulator 1 (MBNL1), transcript variant 4, mRNA.",chr3,152017193,152183569
2017/9/11,"Homo sapiens septin 11 (SEPT11), mRNA.",chr4,77936008,77942792
2017/9/11,"Homo sapiens septin 11 (SEPT11), mRNA.",chr4,77870894,77952123
2017/9/11,"Homo sapiens septin 11 (SEPT11), mRNA.",chr4,77870894,77959768
2017/9/11,"Homo sapiens septin 11 (SEPT11), mRNA.",chr4,77870894,77959768
HRIHFB2017,"Homo sapiens HRIHFB2017 mRNA, partial cds.",chr4,79832536,79837517
AK093356,"Homo sapiens cDNA FLJ36037 fis, clone TESTI2017256.",chr4,103749290,103765255
2017/3/1,"Homo sapiens membrane-associated ring finger (C3HC4) 1, E3 ubiquitin protein ligase (MARCH1), transcript variant 2, mRNA.",chr4,164445449,164534776
2017/3/1,"Homo sapiens membrane-associated ring finger (C3HC4) 1, E3 ubiquitin protein ligase (MARCH1), transcript variant 1, mRNA.",chr4,164445449,165304407
SLC6A19,"Homo sapiens solute carrier family 6 (neutral amino acid transporter), member 19 (SLC6A19), mRNA.",chr5,1201709,1225230
2017/3/6,"Homo sapiens membrane-associated ring finger (C3HC4) 6, E3 ubiquitin protein ligase (MARCH6), transcript variant 1, mRNA.",chr5,10353750,10440500
2017/3/6,"Homo sapiens membrane-associated ring finger (C3HC4) 6, E3 ubiquitin protein ligase (MARCH6), transcript variant 2, mRNA.",chr5,10353750,10440500
2017/3/6,"Homo sapiens membrane-associated ring finger (C3HC4) 6, E3 ubiquitin protein ligase (MARCH6), transcript variant 3, mRNA.",chr5,10353750,10440500
2017/3/6,"Homo sapiens membrane-associated ring finger (C3HC4) 6, E3 ubiquitin protein ligase (MARCH6), transcript variant 1, mRNA.",chr5,10353750,10440500
2017/3/11,"Homo sapiens membrane-associated ring finger (C3HC4) 11 (MARCH11), mRNA.",chr5,16067473,16091226
2017/3/11,"Homo sapiens membrane-associated ring finger (C3HC4) 11 (MARCH11), mRNA.",chr5,16067473,16179897
AK093362,"Homo sapiens cDNA FLJ36043 fis, clone TESTI2017582.",chr5,20611948,20937800
2017/3/3,"Homo sapiens membrane-associated ring finger (C3HC4) 3, E3 ubiquitin protein ligase (MARCH3), mRNA.",chr5,126203405,126366500
2017/3/3,"Homo sapiens membrane-associated ring finger (C3HC4) 3, E3 ubiquitin protein ligase (MARCH3), mRNA.",chr5,126250541,126366500
2017/9/8,"Homo sapiens septin 8 (SEPT8), transcript variant 1, mRNA.",chr5,132086508,132113067
2017/9/8,"Homo sapiens septin 8 (SEPT8), transcript variant 2, mRNA.",chr5,132091696,132113067
2017/9/8,"Homo sapiens septin 8 (SEPT8), transcript variant 3, mRNA.",chr5,132091696,132113067
2017/9/8,"Homo sapiens septin 8 (SEPT8), transcript variant 2, mRNA.",chr5,132091696,132113067
2017/9/8,"Homo sapiens septin 8 (SEPT8), transcript variant 3, mRNA.",chr5,132091696,132113067
2017/9/8,"Homo sapiens septin 8 (SEPT8), transcript variant 4, mRNA.",chr5,132091696,132113561
BAG6,"Homo sapiens BCL2-associated athanogene 6 (BAG6), transcript variant 4, mRNA.",chr6,31606804,31620170
ESR1,"Homo sapiens estrogen receptor 1 (ESR1), transcript variant 3, mRNA.",chr6,152201789,152424408
MACC1,"Homo sapiens metastasis associated in colon cancer 1 (MACC1), mRNA.",chr7,20174278,20257013
MACC1,"Homo sapiens metastasis associated in colon cancer 1 (MACC1), mRNA.",chr7,20174278,20257013
DPY19L2P1,"Homo sapiens dpy-19-like 2 pseudogene 1 (C. elegans) (DPY19L2P1), non-coding RNA.",chr7,35120898,35201706
2017/9/7,"Homo sapiens septin 7 (SEPT7), transcript variant 2, mRNA.",chr7,35840595,35946715
2017/9/7,"Homo sapiens septin 7 (SEPT7), transcript variant 2, mRNA.",chr7,35840595,35946715
2017/9/7,"Homo sapiens septin 7 (SEPT7), transcript variant 3, mRNA.",chr7,35840595,35946715
2017/9/7,"Homo sapiens septin 7 (SEPT7), transcript variant 2, mRNA.",chr7,35871034,35946715
2017/9/14,"Homo sapiens septin 14 (SEPT14), mRNA.",chr7,55861236,55930482
AX748309,"Homo sapiens cDNA FLJ36474 fis, clone THYMU2017008, moderately similar to Homo sapiens SIT protein.",chr9,35649299,35650700
DQ594366,"Homo sapiens cDNA FLJ36039 fis, clone TESTI2017311.",chr9,67792166,67794649
AK093363,"Homo sapiens cDNA FLJ36044 fis, clone TESTI2017584.",chr9,109378338,109442079
2017/12/1,"Homo sapiens deleted in esophageal cancer 1 (DEC1), mRNA.",chr9,117904096,118164923
2017/12/1,"Homo sapiens deleted in esophageal cancer 1 (DEC1), mRNA.",chr9,117995454,118164923
ASTN2,"Homo sapiens astrotactin 2 (ASTN2), transcript variant 1, mRNA.",chr9,119187503,120177317
WDR38,"Homo sapiens WD repeat domain 38 (WDR38), transcript variant 3, mRNA.",chr9,127615695,127620170
WDR38,"Homo sapiens WD repeat domain 38 (WDR38), transcript variant 1, mRNA.",chr9,127615695,127620170
WDR38,"Homo sapiens WD repeat domain 38 (WDR38), transcript variant 2, mRNA.",chr9,127615695,127620170
WDR38,"Homo sapiens WD repeat domain 38 (WDR38), transcript variant 4, mRNA.",chr9,127615695,127620170
AX748313,"Homo sapiens cDNA FLJ36481 fis, clone THYMU2017479.",chr9,127805167,127807307
DQ583972,"Homo sapiens piRNA piR-51083, complete sequence.",chr9,131020148,131020176
RNF224,"Homo sapiens ring finger protein 224 (RNF224), mRNA.",chr9,140122017,140124090
SNORA35,Rfam model RF00566 hit found at contig region AL391280.15/92481-92608,chrX,117872017,117872145
2017/9/6,"Homo sapiens septin 6 (SEPT6), transcript variant III, mRNA.",chrX,118749687,118827333
2017/9/6,"Homo sapiens septin 6 (SEPT6), transcript variant III, mRNA.",chrX,118749687,118827333
2017/9/6,"Homo sapiens septin 6 (SEPT6), transcript variant V, mRNA.",chrX,118749687,118827333
2017/9/6,"Homo sapiens septin 6 (SEPT6), transcript variant I, mRNA.",chrX,118750908,118827333
2017/9/6,"Homo sapiens septin 6 (SEPT6), transcript variant II, mRNA.",chrX,118750908,118827333
2017/9/6,"Homo sapiens septin 6 (SEPT6), transcript variant III, mRNA.",chrX,118759248,118809631
2017/9/6,"Homo sapiens septin 6 (SEPT6), transcript variant V, mRNA.",chrX,118762918,118826792
2017/9/6,"Homo sapiens septin 6 (SEPT6), transcript variant V, mRNA.",chrX,118762918,118827141
AK123976,"Homo sapiens cDNA FLJ41982 fis, clone SMINT2017659.",chrX,119170200,119280760
FAM188A,"Homo sapiens family with sequence similarity 188, member A (FAM188A), mRNA.",chr10,15820174,15902519
FAM188A,"Homo sapiens family with sequence similarity 188, member A (FAM188A), mRNA.",chr10,15820174,15902519
2017/3/8,"Homo sapiens membrane-associated ring finger (C3HC4) 8, E3 ubiquitin protein ligase (MARCH8), transcript variant 3, mRNA.",chr10,45952816,45957652
2017/3/8,"Homo sapiens membrane-associated ring finger (C3HC4) 8, E3 ubiquitin protein ligase (MARCH8), transcript variant 3, mRNA.",chr10,45952816,46030819
2017/3/8,"Homo sapiens membrane-associated ring finger (C3HC4) 8, E3 ubiquitin protein ligase (MARCH8), transcript variant 3, mRNA.",chr10,45952816,46030819
2017/3/8,"Homo sapiens membrane-associated ring finger (C3HC4) 8, E3 ubiquitin protein ligase (MARCH8), transcript variant 1, mRNA.",chr10,45952816,46090354
2017/3/8,"Homo sapiens membrane-associated ring finger (C3HC4) 8, E3 ubiquitin protein ligase (MARCH8), transcript variant 2, mRNA.",chr10,45952816,46090354
2017/3/5,"Homo sapiens membrane-associated ring finger (C3HC4) 5 (MARCH5), mRNA.",chr10,94050919,94113721
2017/3/5,"Homo sapiens membrane-associated ring finger (C3HC4) 5 (MARCH5), mRNA.",chr10,94050923,94113721
AX746750,"Homo sapiens cDNA FLJ33729 fis, clone BRAWH2017534.",chr10,104213596,104216049
AX747838,"Homo sapiens cDNA FLJ35665 fis, clone SPLEN2017740.",chr10,122666806,122667788
AX747838,"Homo sapiens cDNA FLJ35665 fis, clone SPLEN2017740.",chr10,122667788,122669035
MIR675,"Homo sapiens microRNA 675 (MIR675), microRNA.",chr11,2017988,2018061
DBX1,"Homo sapiens developing brain homeobox 1 (DBX1), mRNA.",chr11,20177759,20181870
DBX1,"Homo sapiens developing brain homeobox 1 (DBX1), mRNA.",chr11,20177760,20181870
AX748080,"Homo sapiens cDNA FLJ36047 fis, clone TESTI2017951.",chr11,43965336,43968756
GDPD5,"Homo sapiens glycerophosphodiester phosphodiesterase domain containing 5 (GDPD5), mRNA.",chr11,75145684,75201796
DL492607,"Homo sapiens cDNA FLJ36034 fis, clone TESTI2017107, highly similar to CYCLIC-AMP-DEPENDENT TRANSCRIPTION FACTOR ATF-4.",chr11,113659952,113661882
POU2F3,"Homo sapiens POU class 2 homeobox 3 (POU2F3), transcript variant 2, mRNA.",chr11,120176196,120190653
DM119500,Targeting Cells With Altered miRNA Expression.,chr11,122017275,122017297
MIRLET7A2,"Homo sapiens microRNA let-7a-2 (MIRLET7A2), microRNA.",chr11,122017229,122017301
AK095187,"Homo sapiens cDNA FLJ37868 fis, clone BRSSN2017297.",chr11,126936896,126971201
GLB1L2,"Homo sapiens galactosidase, beta 1-like 2 (GLB1L2), mRNA.",chr11,134201767,134246218
AK097957,"Homo sapiens cDNA FLJ36486 fis, clone THYMU2017831.",chr12,6954022,6957970
2017/3/9,"Homo sapiens membrane-associated ring finger (C3HC4) 9 (MARCH9), mRNA.",chr12,58148880,58154193
2017/3/9,"Homo sapiens membrane-associated ring finger (C3HC4) 9 (MARCH9), mRNA.",chr12,58151269,58154193
BC073948,"Homo sapiens cDNA FLJ40177 fis, clone TESTI2017816.",chr12,129594241,129597843
BC060326,"Homo sapiens cDNA FLJ40177 fis, clone TESTI2017816.",chr12,129594241,129597843
BC061923,"Homo sapiens cDNA FLJ40177 fis, clone TESTI2017816.",chr12,129595537,129597843
OR7E37P,"Homo sapiens olfactory receptor, family 7, subfamily E, member 37 pseudogene (OR7E37P), non-coding RNA.",chr13,42016699,42017902
AK123459,"Homo sapiens cDNA FLJ41465 fis, clone BRSTN2017761.",chr13,76430772,76432811
IL25,"Homo sapiens interleukin 25 (IL25), transcript variant 2, mRNA.",chr14,23842017,23845612
BMP4,"Homo sapiens bone morphogenetic protein 4 (BMP4), transcript variant 2, mRNA.",chr14,54416454,54420173
PRKCH,"Homo sapiens protein kinase C, eta (PRKCH), mRNA.",chr14,61654286,62017698
PRKCH,"Homo sapiens protein kinase C, eta (PRKCH), mRNA.",chr14,61788514,62017698
PRKCH,"Homo sapiens protein kinase C, eta (PRKCH), mRNA.",chr14,61943884,62017698
PRKCH,"Homo sapiens protein kinase C, eta (PRKCH), mRNA.",chr14,62010079,62017698
2017/9/12,"Homo sapiens septin 12 (SEPT12), transcript variant 2, mRNA.",chr16,4827614,4838522
2017/9/12,"Homo sapiens septin 12 (SEPT12), transcript variant 1, mRNA.",chr16,4827614,4838522
2017/9/12,"Homo sapiens septin 12 (SEPT12), transcript variant 2, mRNA.",chr16,4827614,4838522
2017/9/1,"Homo sapiens septin 1 (SEPT1), mRNA.",chr16,30389453,30394171
2017/9/1,"Homo sapiens septin 1 (SEPT1), mRNA.",chr16,30391252,30394171
FUS,"Homo sapiens fused in sarcoma (FUS), transcript variant 2, non-coding RNA.",chr16,31199645,31201719
FKSG46,"Homo sapiens FKSG46 (FKSG46) mRNA, complete cds.",chr16,31819167,31820174
TEPP,"Homo sapiens testis, prostate and placenta expressed (TEPP), transcript variant 1, mRNA.",chr16,58010338,58022017
TEPP,"Homo sapiens testis, prostate and placenta expressed (TEPP), transcript variant 2, mRNA.",chr16,58010338,58022017
CIRH1A,"Homo sapiens cirrhosis, autosomal recessive 1A (cirhin) (CIRH1A), mRNA.",chr16,69166498,69201745
AX748314,"Homo sapiens cDNA FLJ36482 fis, clone THYMU2017526.",chr17,699304,701487
2017/9/4,"Homo sapiens septin 4 (SEPT4), transcript variant 3, mRNA.",chr17,56597610,56604347
2017/9/4,"Homo sapiens septin 4 (SEPT4), transcript variant 5, non-coding RNA.",chr17,56597610,56605391
2017/9/4,"Homo sapiens septin 4 (SEPT4), transcript variant 6, mRNA.",chr17,56597610,56605408
2017/9/4,"Homo sapiens septin 4 (SEPT4), transcript variant 1, mRNA.",chr17,56597610,56606778
2017/9/4,"Homo sapiens septin 4 (SEPT4), transcript variant 3, mRNA.",chr17,56597610,56609443
2017/9/4,"Homo sapiens septin 4 (SEPT4), nuclear gene encoding mitochondrial protein, transcript variant 2, mRNA.",chr17,56597610,56609443
2017/9/4,"Homo sapiens septin 4 (SEPT4), transcript variant 7, mRNA.",chr17,56597610,56618179
2017/9/4,"Homo sapiens septin 4 (SEPT4), transcript variant 4, mRNA.",chr17,56597610,56618179
2017/9/4,"Homo sapiens septin 4 (SEPT4), nuclear gene encoding mitochondrial protein, transcript variant 2, mRNA.",chr17,56598103,56609443
2017/3/10,"Homo sapiens membrane-associated ring finger (C3HC4) 10, E3 ubiquitin protein ligase (MARCH10), transcript variant 2, mRNA.",chr17,60778674,60884011
2017/3/10,"Homo sapiens membrane-associated ring finger (C3HC4) 10, E3 ubiquitin protein ligase (MARCH10), transcript variant 1, mRNA.",chr17,60778674,60885705
2017/3/10,"Homo sapiens membrane-associated ring finger (C3HC4) 10, E3 ubiquitin protein ligase (MARCH10), transcript variant 1, mRNA.",chr17,60778674,60885705
2017/3/10,"Homo sapiens membrane-associated ring finger (C3HC4) 10, E3 ubiquitin protein ligase (MARCH10), transcript variant 1, mRNA.",chr17,60782308,60885705
2017/9/9,"Homo sapiens septin 9 (SEPT9), transcript variant 1, mRNA.",chr17,75277491,75496678
2017/9/9,"Homo sapiens septin 9 (SEPT9), transcript variant 1, mRNA.",chr17,75277491,75496678
2017/9/9,"Homo sapiens septin 9 (SEPT9), transcript variant 5, mRNA.",chr17,75283972,75496678
2017/9/9,"Homo sapiens septin 9 (SEPT9), transcript variant 3, mRNA.",chr17,75315596,75496678
2017/9/9,"Homo sapiens septin 9 (SEPT9), transcript variant 2, mRNA.",chr17,75369271,75496678
2017/9/9,"Homo sapiens septin 9 (SEPT9), transcript variant 6, mRNA.",chr17,75372164,75496678
2017/9/9,"Homo sapiens septin 9 (SEPT9), transcript variant 1, mRNA.",chr17,75398140,75480210
2017/9/9,"Homo sapiens septin 9 (SEPT9), transcript variant 7, mRNA.",chr17,75401158,75496678
2017/9/9,"Homo sapiens septin 9 (SEPT9), transcript variant 7, mRNA.",chr17,75446612,75496678
2017/9/9,"Homo sapiens septin 9 (SEPT9), transcript variant 7, mRNA.",chr17,75447325,75496678
2017/9/9,"Homo sapiens septin 9 (SEPT9), transcript variant 7, mRNA.",chr17,75450074,75496678
2017/9/9,"Homo sapiens septin 9 (SEPT9), transcript variant 4, mRNA.",chr17,75471324,75496678
AZU1,"Homo sapiens azurocidin 1 (AZU1), mRNA.",chr19,827830,832017
LONP1,"Homo sapiens lon peptidase 1, mitochondrial (LONP1), nuclear gene encoding mitochondrial protein, transcript variant 2, mRNA.",chr19,5691844,5720176
LONP1,"Homo sapiens lon peptidase 1, mitochondrial (LONP1), transcript variant 4, non-coding RNA.",chr19,5691844,5720176
2017/3/2,"Homo sapiens membrane-associated ring finger (C3HC4) 2, E3 ubiquitin protein ligase (MARCH2), transcript variant 1, mRNA.",chr19,8478186,8503899
2017/3/2,"Homo sapiens membrane-associated ring finger (C3HC4) 2, E3 ubiquitin protein ligase (MARCH2), transcript variant 2, mRNA.",chr19,8478186,8503899
2017/3/2,"Homo sapiens membrane-associated ring finger (C3HC4) 2, E3 ubiquitin protein ligase (MARCH2), transcript variant 3, mRNA.",chr19,8478186,8503899
AK091070,"Homo sapiens cDNA FLJ33724 fis, clone BRAWH2017304.",chr19,31045334,31048965
SHANK1,"Homo sapiens SH3 and multiple ankyrin repeat domains 1 (SHANK1) mRNA, 5' UTR and partial cds.",chr19,51220173,51223040
AX748312,"Homo sapiens cDNA FLJ36480 fis, clone THYMU2017449.",chr19,52094258,52095761
MIR523,"Homo sapiens microRNA 523 (MIR523), microRNA.",chr19,54201638,54201725
AX748440,"Homo sapiens cDNA FLJ36751 fis, clone UTERU2017623.",chr20,3650541,3651272
AK128252,"Homo sapiens cDNA FLJ36485 fis, clone THYMU2017707.",chr20,33890382,33893057
AX746690,"Homo sapiens cDNA FLJ33613 fis, clone BRAMY2017348.",chr20,37034659,37045444
AK124820,"Homo sapiens cDNA FLJ42830 fis, clone BRCAN2017905.",chr22,27063655,27068617
DESI1,"Homo sapiens desumoylating isopeptidase 1 (DESI1), mRNA.",chr22,41994031,42017061
DESI1,"Homo sapiens desumoylating isopeptidase 1 (DESI1), mRNA.",chr22,41994031,42017061
XRCC6,"Homo sapiens X-ray repair complementing defective repair in Chinese hamster cells 6 (XRCC6), mRNA.",chr22,42017294,42060052
XRCC6,"Homo sapiens X-ray repair complementing defective repair in Chinese hamster cells 6 (XRCC6), mRNA.",chr22,42017294,42060052
XRCC6,"Homo sapiens X-ray repair complementing defective repair in Chinese hamster cells 6 (XRCC6), mRNA.",chr22,42017294,42060052
XRCC6,"Homo sapiens X-ray repair complementing defective repair in Chinese hamster cells 6 (XRCC6), mRNA.",chr22,42017353,42060052
2017/9/3,"Homo sapiens septin 3 (SEPT3), transcript variant A, mRNA.",chr22,42372930,42394225
2017/9/3,"Homo sapiens septin 3 (SEPT3), transcript variant B, mRNA.",chr22,42372930,42394225
2017/9/3,"Homo sapiens septin 3 (SEPT3), transcript variant B, mRNA.",chr22,42372930,42394225
2017/9/3,"Homo sapiens septin 3 (SEPT3), transcript variant A, mRNA.",chr22,42372930,42394225
